team,founded,last active,years active,max possible years,ratio
1,1997,2016,20,20,1.0
4,2006,2016,11,11,1.0
5,1998,2008,11,19,0.5789473684210527
6,1994,2003,10,23,0.43478260869565216
7,1997,2012,16,20,0.8
